10001,백범일지
10002,세계사 편력
10003,또 하나의 로마인 이야기
10004,무량수전 배흘림기둥에 기대서서
10005,나의 문화유산 답사기
10006,강대국의 흥망
10007,로마제국 쇠망사 (그림과 함께 읽는)
10008,문학과 예술의 사회사
10009,이윤기의 그리스 로마신화
10010,자본의 시대
10011,야생초 편지
10012,이슬람 문명
10013,우리 그림 백가지 (우리가 정말 알아야 할)
10014,정의란 무엇인가
10015,유러피언 드림
10016,제3의 물결
10017,미래를 말하다
10018,문명의 충돌 
10019,조화로운 삶
10020,나쁜 사마리아인들
10021,대화(한 지식인의 삶과 사상)
10022,프로테스탄티즘의 윤리와 자본주의 정신
10023,NEXT SOCIETY 
10024,88만원세대
10025,헌법의 풍경
10026,당신들의 대한민국
10027,코스모스
10028,털없는 원숭이
10029,통섭(지식의 대통합)
10030,파인만의 여섯가지 물리이야기
10031,거의 모든 것의 역사
10032,개미제국의 발견
10033,과학콘서트
10034,본성과 양육
10035,과학(사람이 알아야 할 모든 것)
10036,시간의 역사(쉽고 짧게 쓴)
10037,오리진
10038,토지
10039,태백산맥
10040,장길산
10041,열하일기
10042,앵무새 죽이기
10043,우리들의 하나님
10044,상실의 시대
10045,시인을 찾아서:신경림의
10046,체 게바라 평전
10047,위대한 개츠비
10048,장미의 이름
10049,남한산성
10050,사기열전
10056,그들이 말하지 않는 23가지:장하준 더 나은 자본주의를 말하다
10057,그러자 갑자기 발명가가 나타났다
10058,기적의 사과
10061,당신들의 천국
10067,모리와 함께 한 화요일
10069,빗물과 당신
10072,성공하는 사람들의 일곱가지 습관
10073,세 얼간이
10074,스티브 워즈니악
10075,시간을 지배하는 절대 법칙
10077,아프니까 청춘이다
10081,이건희 개혁 10년
10084,재미있는 나노과학기술여행
10086,창의성의 또 다른 이름 트리즈
10087,처음읽는 미래과학 교과서 1: 눈앞의 별천지 유비쿼터스 세상
10089,최후의 경전
10090,카네기 인간관계론
10093,통계 속의 재미있는 세상 이야기
10094,통계의 미학
10095,폭풍의 언덕
10096,하루 10분의 기적
10097,학문의 즐거움
10099,한비야의 중국견문록
10104,마지막 강의
10110,멈추면 비로소 보이는 것들
10111,몰입
10112,독서천재가 된 홍대리
10118,"이탈리아, 패션과 문화를 말하다"
10119,방황해도 괜찮아
10120,어떻게 원하는 것을 얻는가 
10124,"창의적 문제해결 TRIZ 100배 활용하기"
10125,예술수업
10126,생의 한가운데
10127,두 새로운 과학 
10128,유클리드의 창:기하학 이야기
10129,지금 이 순간을 살아라
10130,(나를 바꾸는 심리학의 지혜)프레임
10131,그림의 힘
10132,(시골의사 박경철의) 자기혁명
10133,삶을 춤추게 하라
10134,정글의 법칙: 혁신의 열대우림
10135,금요일엔 돌아오렴
10136,하버드 새벽 4시 반 
10137,작은 수학자의 생각실험
10138,조지 가모브 물리열차를 타다
10139,톰킨스 물리열차를 타다
10140,스무살에 알았더라면 좋았을 것들
10141,그로스 맵(The Growth Map)
10142,화해의 아이(Peace Child)
10143,"회계천재가 된 홍대리1"
